Name,Ratings,Metascores,Votes,Gross
1.Logan(2017),8.1,77,697815,$226.28M
2.Thor: Ragnarok(2017),7.9,77,658645,$315.06M
3.Guardians of the Galaxy Vol. 2(2017),7.6,77,619917,$389.81M
4.Wonder Woman(2017),7.4,77,617461,$412.56M
5.Dunkirk(2017),7.8,77,604870,$188.37M
6.Star Wars: Episode VIII - The Last Jedi(2017),6.9,77,594292,$620.18M
7.Spider-Man: Homecoming(2017),7.4,77,565236,$334.20M
8.Get Out(I) (2017),7.7,77,538858,$176.04M
9.Blade Runner 2049(2017),8.0,77,515403,$92.05M
10.It(I) (2017),7.3,77,500000,$327.48M
11.Baby Driver(2017),7.6,77,486221,$107.83M
"12.Three Billboards Outside Ebbing, Missouri(2017)",8.1,77,472027,$54.51M
13.Coco(I) (2017),8.4,77,442218,$209.73M
14.Justice League(2017),6.1,77,428969,$229.02M
15.La casa de papel(2017–2021),8.2,,404449,
16.John Wick: Chapter 2(2017),7.5,77,399574,$92.03M
17.The Shape of Water(2017),7.3,77,396912,$63.86M
18.Jumanji: Welcome to the Jungle(2017),6.9,77,349917,$404.52M
19.Dark(2017–2020),8.8,,330885,
20.Kong: Skull Island(2017),6.6,77,301534,$168.05M
21.Kingsman: The Golden Circle(2017),6.7,77,296539,$100.23M
22.Beauty and the Beast(I) (2017),7.1,77,291252,$504.01M
23.Pirates of the Caribbean: Dead Men Tell No Tales(2017),6.5,77,284265,$172.56M
24.13 Reasons Why(2017–2020),7.5,,273530,
25.Alien: Covenant(2017),6.4,77,268198,$74.26M
26.Lady Bird(2017),7.4,77,265348,$48.96M
27.The Greatest Showman(2017),7.6,77,259971,$174.34M
28.Mindhunter(2017–2019),8.6,,249431,
29.Call Me by Your Name(2017),7.9,77,242298,$18.10M
30.War for the Planet of the Apes(2017),7.4,77,241668,$146.88M
31.Wind River(2017),7.7,77,228319,$33.80M
32.Murder on the Orient Express(2017),6.5,77,226424,$102.83M
33.The Fate of the Furious(2017),6.6,77,221175,$226.01M
34.Life(I) (2017),6.6,77,219262,$30.23M
35.Ozark(2017–2022),8.4,,218880,
36.The Hitman's Bodyguard(2017),6.9,77,215968,$75.47M
37.Mother!(2017),6.6,77,208497,$17.80M
38.Ghost in the Shell(2017),6.3,77,207339,$40.56M
39.The Handmaid's Tale(2017– ),8.4,,207044,
40.King Arthur: Legend of the Sword(2017),6.7,77,206084,$39.18M
41.The Punisher(2017–2019),8.5,,203645,
"42.I, Tonya(2017)",7.5,77,200746,$30.01M
43.Darkest Hour(2017),7.4,77,188052,$56.47M
44.Atomic Blonde(2017),6.7,77,185952,$51.69M
45.The Mummy(2017),5.4,77,180624,$80.10M
46.Bright(I) (2017),6.3,77,179820,
47.Big Little Lies(2017–2019),8.5,,177338,
48.Baywatch(2017),5.5,77,176068,$58.06M
49.Valerian and the City of a Thousand Planets(2017),6.5,77,173013,$41.19M
50.American Made(2017),7.2,77,169941,$51.34M
51.The End of the F***ing World(2017–2019),8.1,,166661,
52.Molly's Game(2017),7.4,77,158146,$28.78M
53.Wonder(I) (2017),8.0,77,154665,$132.42M
54.The Disaster Artist(2017),7.3,77,146589,$21.12M
55.The Post(2017),7.2,77,144633,$81.90M
56.Transformers: The Last Knight(2017),5.2,77,144012,$130.17M
57.Logan Lucky(2017),7.0,77,142508,$27.78M
58.The Lego Batman Movie(2017),7.3,77,139442,$175.75M
59.The Killing of a Sacred Deer(2017),7.0,77,137970,$2.29M
60.The Dark Tower(2017),5.6,77,134363,$50.70M
61.Riverdale(2017– ),6.7,,133096,
62.Happy Death Day(2017),6.6,77,130412,$55.68M
63.The Big Sick(2017),7.5,77,129191,$42.87M
64.Annabelle: Creation(2017),6.5,77,125060,$102.09M
65.Despicable Me 3(2017),6.3,77,123705,$264.62M
66.Taboo(2017– ),8.4,,122359,
67.Iron Fist(2017–2018),6.4,,121952,
68.Phantom Thread(2017),7.5,77,121835,$21.02M
69.T2 Trainspotting(2017),7.2,77,119621,$2.40M
70.The Boss Baby(2017),6.3,77,118604,$175.00M
71.What Happened to Monday(2017),6.9,77,116044,
72.Okja(2017),7.3,77,114132,
73.You Were Never Really Here(2017),6.8,77,113168,$2.52M
74.The Foreigner(I) (2017),7.0,77,109125,$34.39M
75.Gifted(2017),7.6,77,109007,$24.80M
76.Good Time(2017),7.4,77,106750,$2.03M
77.Star Trek: Discovery(2017– ),7.2,,105459,
78.Power Rangers(2017),5.9,77,105409,$85.36M
79.Downsizing(2017),5.7,77,105128,$24.45M
80.The Florida Project(2017),7.6,77,105050,$5.90M
81.The Sinner(2017–2021),7.9,,103493,
82.Geostorm(2017),5.3,77,102025,$33.70M
83.Gerald's Game(2017),6.5,77,100759,
84.The Defenders(2017),7.3,,97374,
85.Fifty Shades Darker(2017),4.6,77,97344,$114.38M
86.The Death of Stalin(2017),7.3,77,96069,$8.04M
87.The Marvelous Mrs. Maisel(2017– ),8.7,,92560,
88.It Comes at Night(2017),6.2,77,89620,$13.99M
89.xXx: Return of Xander Cage(2017),5.2,77,89475,$44.90M
90.The Circle(I) (2017),5.4,77,89320,$20.50M
91.The Ritual(I) (2017),6.3,77,89153,
92.Cars 3(2017),6.7,77,87148,$152.90M
93.Legion(2017–2019),8.2,,86684,
94. Game of Thrones (2011–2019)Episode:The Spoils of War(2017),9.8,,84940,
95.The Babysitter(I) (2017),6.4,,84501,
96.Baahubali 2: The Conclusion(2017),8.2,,82105,
97.American Gods(2017–2021),7.7,,82042,
98.Going in Style(2017),6.6,77,81886,$45.02M
99.The Good Doctor(2017– ),8.1,,81598,
100.Death Note(I) (2017),4.4,77,81536,
101.All the Money in the World(2017),6.8,77,81118,$25.11M
102.Shot Caller(2017),7.3,77,80177,
103.Hostiles(2017),7.2,77,79171,$29.82M
104.Atypical(2017–2021),8.3,,78596,
105.American Assassin(2017),6.2,77,77637,$36.25M
106.Jigsaw(I) (2017),5.8,77,75410,$38.05M
107.Reis(2017),1.4,,73174,
108.The Mountain Between Us(2017),6.4,77,72234,$30.35M
109.A Dog's Purpose(2017),7.2,77,69374,$64.51M
110.Paddington 2(2017),7.8,77,68829,$40.44M
111.Big Mouth(2017– ),7.9,,68695,
112.Daddy's Home 2(2017),6.0,77,68066,$104.03M
113.Papillon(I) (2017),7.2,77,68032,$2.34M
114.A Ghost Story(2017),6.9,77,67541,$1.60M
115.The Orville(2017– ),8.0,,65538,
116.Only the Brave(2017),7.6,77,64352,$18.34M
117.Brawl in Cell Block 99(2017),7.2,77,63274,
118.Twin Peaks(2017),8.5,,62801,
119.Santa Clarita Diet(2017–2019),7.8,,62271,
120. Game of Thrones (2011–2019)Episode:Beyond the Wall(2017),9.0,,62021,
121. Game of Thrones (2011–2019)Episode:The Dragon and the Wolf(2017),9.4,,61819,
122.The Snowman(2017),5.1,77,61522,$6.67M
123.The Emoji Movie(2017),3.3,77,60839,$86.09M
124.Pitch Perfect 3(2017),5.8,77,60574,$104.90M
125.The Square(2017),7.2,77,60215,$1.50M
126.Godless(2017),8.3,,59960,
127.1922(2017),6.2,77,59005,
128.A Series of Unfortunate Events(2017–2019),7.8,,57320,
129.Castlevania(2017–2021),8.3,,56541,
130.The Beguiled(2017),6.3,77,55657,$10.58M
131.Manhunt(II) (2017– ),8.1,,55510,
132.Loving Vincent(2017),7.8,77,54925,$6.74M
133.I Don't Feel at Home in This World Anymore(2017),6.9,77,53770,
134.Jungle(I) (2017),6.7,77,53592,
135.Battle of the Sexes(2017),6.7,77,53435,$12.64M
136.Ferdinand(2017),6.8,77,53382,$84.41M
137.The Upside(2017),7.0,77,52877,$108.25M
138.First Reformed(2017),7.1,77,52844,$3.45M
139.47 Meters Down(2017),5.7,77,52460,$44.31M
140.Detroit(2017),7.3,77,51585,$16.79M
141.The Space Between Us(I) (2017),6.4,77,51136,$7.89M
142.Rough Night(2017),5.2,77,50266,$22.06M
143. Black Mirror (2011– )Episode:USS Callister(2017),8.3,,50092,
144. Black Mirror (2011– )Episode:Hang the DJ(2017),8.8,,49877,
145.Before I Fall(2017),6.5,77,49806,$12.24M
146. Game of Thrones (2011–2019)Episode:Dragonstone(2017),8.6,,49365,
147.A Bad Moms Christmas(2017),5.6,77,47591,$72.11M
148.Mudbound(2017),7.4,77,46622,
149.Anne(2017–2019),8.7,,46611,
150.The Meyerowitz Stories (New and Selected)(2017),6.9,77,46403,
151.Icarus(2017),7.9,77,45858,
152.CHIPS(2017),6.0,77,45472,$18.60M
153.To the Bone(I) (2017),6.8,77,45376,
154.Flatliners(2017),5.2,77,45376,$16.87M
155.Young Sheldon(2017– ),7.5,,44970,
156. Game of Thrones (2011–2019)Episode:The Queen's Justice(2017),9.2,,44866,
157.War Machine(2017),6.0,77,44790,
158.GLOW(2017–2019),8.0,,43499,
159.Stronger(I) (2017),6.9,77,43387,$4.21M
160.The House(I) (2017),5.6,77,42915,$25.48M
161. Game of Thrones (2011–2019)Episode:Stormborn(2017),8.9,,42907,
162.Suburbicon(2017),5.7,77,42755,$5.78M
163.Raees(2017),6.8,,42700,
164. Game of Thrones (2011–2019)Episode:Eastwatch(2017),8.8,,42663,
165.The Zookeeper's Wife(2017),7.0,77,41692,$17.45M
166.Fist Fight(2017),5.6,77,41539,$32.19M
167.Cargo(I) (2017),6.3,77,41269,
168.Revenge(II) (2017),6.4,77,40740,$0.10M
169. Black Mirror (2011– )Episode:Black Museum(2017),8.7,,40691,
170.Ingrid Goes West(2017),6.6,77,39755,$3.02M
171.Rings(2017),4.5,77,39638,$27.78M
172.Thoroughbreds(2017),6.7,77,39618,$2.83M
173.Verónica(I) (2017),6.2,,39161,
174. Black Mirror (2011– )Episode:Arkangel(2017),7.3,,39146,
175.The Endless(I) (2017),6.5,77,39071,$0.27M
176.Cumali Ceber: Allah Seni Alsin(2017),1.0,,38512,
177.The Wife(I) (2017),7.2,77,38378,$9.60M
178.Ayla: The Daughter of War(2017),8.4,,37428,
179.Blue Planet II(2017),9.3,,37189,
180. Black Mirror (2011– )Episode:Crocodile(2017),7.3,,36830,
181.Girls Trip(2017),6.2,77,36402,$115.17M
"182.Everything, Everything(2017)",6.4,77,36382,$34.00M
"183.Roman J. Israel, Esq.(2017)",6.5,77,36267,$11.96M
184.Happy!(2017–2019),8.2,,36224,
185.Kidnap(2017),5.9,77,35932,$30.72M
186. Black Mirror (2011– )Episode:Metalhead(2017),6.6,,34847,
187.Vikram Vedha(2017),8.3,,34623,
188.Snatched(2017),4.5,77,34618,$45.83M
189.Victoria & Abdul(2017),6.8,77,34531,$22.25M
190.Time Trap(2017),6.3,77,34151,
191.Ghost Stories(I) (2017),6.4,77,33471,$0.14M
192.The Gifted(2017–2019),7.3,,33368,
193.Unlocked(I) (2017),6.3,77,33293,
194.Krym(I) (2017),6.7,,33257,
195.The Shack(I) (2017),6.3,77,32469,$57.39M
196.The Discovery(I) (2017),6.3,77,32454,
197.The Glass Castle(2017),7.1,77,32116,$17.27M
198.Nelyubov(2017),7.6,77,31942,$0.57M
199.I Kill Giants(2017),6.2,77,31808,
200.Sleepless(III) (2017),5.6,77,31597,$20.78M
201.Mersal(2017),7.8,,31510,
202.Aus dem Nichts(2017),7.1,77,31077,$0.32M
203.Home Again(2017),5.8,77,30937,$27.02M
204.Borg McEnroe(2017),6.9,77,30251,$14.11M
205.Alias Grace(2017),7.7,,29832,
206. Rick and Morty (2013– )Episode:The Ricklantis Mixup(2017),9.8,,29741,
207.Thelma(2017),7.0,77,29538,$0.15M
208.American Vandal(2017–2018),8.2,,29017,
209.Marrowbone(2017),6.7,77,28971,$0.00M
210.Disobedience(2017),6.6,77,28712,$3.48M
211.What the Health(2017),7.4,,28578,
212.God's Own Country(2017),7.7,77,28516,$0.34M
213.Table 19(2017),5.8,77,27626,$3.61M
214.Wonder Wheel(2017),6.2,77,27622,$1.40M
215.Gi-eok-ui bam(2017),7.5,,27446,
216.Tiger Zinda Hai(2017),5.9,,27247,
217.The Deuce(2017–2019),8.1,,27010,
218.Captain Underpants: The First Epic Movie(2017),6.2,77,26899,$73.92M
219. Sherlock (2010–2017)Episode:The Final Problem(2017),8.2,,26703,
220. Sherlock (2010–2017)Episode:The Lying Detective(2017),9.2,,26620,
221.Hindi Medium(2017),7.9,,26466,
222.Goodbye Christopher Robin(2017),7.1,77,26426,$1.74M
223.Teströl és lélekröl(2017),7.6,77,26355,
224.The Book of Henry(2017),6.6,77,26318,$4.22M
225.The Wall(II) (2017),6.2,77,25992,$1.80M
226.Kaabil(2017),7.1,,25830,
227.Professor Marston and the Wonder Women(2017),7.1,77,25361,$1.59M
228.The Ottoman Lieutenant(2017),6.5,77,25251,
229.El bar(2017),6.3,,25221,
230.The Current War(2017),6.5,77,25199,
"231.Jim & Andy: The Great Beyond - Featuring a Very Special, Contractually Obligated Mention of Tony Clifton(2017)",7.7,77,24841,
232.Counterpart(2017–2019),8.1,,24835,
233.Last Flag Flying(2017),6.9,77,24598,$0.97M
234.The Lego Ninjago Movie(2017),6.0,77,24530,$59.28M
235.Una mujer fantástica(2017),7.2,77,24451,$2.02M
236.Dear White People(2017–2021),6.1,,24390,
237.Runaways(2017–2019),7.0,,24273,
238.The Wizard of Lies(2017 TV Movie),6.8,,24251,
239.Jolly LLB 2(2017),7.2,,24219,
240.Den 12. mann(2017),7.4,77,24159,
241.Berlin Syndrome(2017),6.3,77,24141,$0.03M
242.Black Lightning(2017–2021),6.1,,24134,
243.The Good Fight(2017– ),8.3,,23990,
244.Justice League Dark(2017 Video),7.1,,23936,
245.The Mist(2017),5.4,,23889,
246.Inhumans(2017),5.0,,23830,
247.The Breadwinner(2017),7.7,77,23801,$0.31M
248. Sherlock (2010–2017)Episode:The Six Thatchers(2017),7.6,,23765,
249.Future Man(2017–2020),7.7,,23667,
250.Aftermath(IV) (2017),5.7,77,23662,
251.Arjun Reddy(2017),8.1,,23406,
252. Stranger Things (2016– )Episode:Chapter Seven: The Lost Sister(2017),6.1,,23296,
253.Creep 2(2017),6.5,77,23278,
254.Cult of Chucky(2017),5.2,77,23240,
255.Secret Superstar(2017),7.8,,23226,
256.The Bye Bye Man(2017),4.2,77,23224,$22.38M
257.Marshall(2017),7.3,77,23184,$10.05M
258.Megan Leavey(2017),7.1,77,23112,$13.41M
259.Mom and Dad(2017),5.5,77,22713,
260.The Vietnam War(2017),9.1,,22598,
261.Aile Arasinda(2017),7.7,,22425,
262.All Eyez on Me(2017),5.9,77,22414,$44.92M
263.A Prayer Before Dawn(2017),6.9,77,22375,
264.The Chosen(2017– ),9.6,,22364,
265.iBoy(2017),6.0,77,22159,
266.2:22(2017),5.8,,22121,
267.Lucky(I) (2017),7.4,77,21978,$0.96M
268.Bareilly Ki Barfi(2017),7.5,,21935,
269.Babylon Berlin(2017– ),8.4,,21917,
270.Sand Castle(2017),6.3,77,21867,
271.Leatherface(2017),5.0,77,21862,
272.The Little Hours(2017),5.8,77,21825,$1.65M
273.Super Dark Times(2017),6.6,77,21771,$0.03M
274.Crooked House(2017),6.3,77,21761,
275.Kamera o tomeru na!(2017),7.7,77,21533,
276.Jeepers Creepers 3(2017),3.9,,21296,
277.Beyond Skyline(2017),5.3,77,21057,
278.Salvation(2017–2018),7.0,,21011,
279. Shingeki no kyojin (2013–2022)Episode:Senshi(2017),9.9,,20977,
280.Breathe(I) (2017),7.2,77,20919,$0.49M
281.Taeksi woonjunsa(2017),7.9,77,20850,$1.53M
282.6 Days(I) (2017),6.2,77,20672,
283.SEAL Team(2017– ),7.6,,20558,
284.The Keepers(II) (2017),8.1,,20551,
285.Little Evil(2017),5.7,,20510,
286.Smurfs: The Lost Village(2017),6.0,77,20317,$45.02M
287.Song to Song(I) (2017),5.7,77,20290,$0.44M
288.The Super(2017),5.5,77,20156,
289.Tulip Fever(2017),6.2,77,20096,$2.43M
290.Jab Harry Met Sejal(2017),5.3,,20036,
291.Toilet - Ek Prem Katha(2017),7.2,,19980,
292. Rick and Morty (2013– )Episode:The Rickshank Rickdemption(2017),9.6,,19973,
293.Mayhem(2017),6.4,77,19863,
294.Wish Upon(2017),5.0,77,19789,$14.30M
295. Stranger Things (2016– )Episode:Chapter Nine: The Gate(2017),9.4,,19783,
296.Mr. Mercedes(2017–2019),7.8,,19681,
297.Chalard games goeng(2017),7.6,,19678,
298.Friends from College(2017–2019),6.9,,19615,
299.Loving Pablo(2017),6.3,77,19395,$0.02M
300.Wheelman(2017),6.4,77,19359,
301.Hagane no renkinjutsushi(2017),5.2,77,19353,
302.Father Figures(2017),5.5,77,19265,$17.50M
303.Tubelight(2017),3.8,,19253,
304.S.W.A.T.(2017– ),7.1,,19249,
305.Dynasty(2017– ),7.3,,19159,
306.Newton(2017),7.7,,19027,
307.Once Upon a Time in Venice(2017),5.3,77,18784,
308.Naked(I) (2017),5.4,77,18750,
309.My Cousin Rachel(2017),6.0,77,18750,$2.68M
310.Unicorn Store(2017),5.5,77,18747,
311.Knightfall(2017–2019),6.8,,18708,
312.My Friend Dahmer(2017),6.2,77,18300,$1.36M
313.The Bold Type(2017–2021),7.9,,18262,
314.Feud(2017),8.5,,18214,
315.The Party(I) (2017),6.6,77,18120,$0.75M
316.A Christmas Prince(2017),5.8,,18100,
317.The Dawn Wall(2017),8.1,77,17858,$1.08M
318.Genius(I) (2017– ),8.3,,17808,
319.Security(I) (2017),5.7,,17726,
320.Abducted in Plain Sight(2017),6.8,,17699,
321.The Rider(2017),7.5,77,17695,$2.42M
322. Stranger Things (2016– )Episode:Chapter Eight: The Mind Flayer(2017),9.3,,17556,
323. Rick and Morty (2013– )Episode:Pickle Rick(2017),9.3,,17543,
324.12 Feet Deep(2017),5.4,,17512,
325.First They Killed My Father(2017),7.2,77,17462,
326.Masum(2017),8.4,,17312,
327.Brad's Status(2017),6.5,77,17159,$2.13M
328.Koombiyo(2017–2018),9.5,,17090,
329.Toc Toc(2017),6.8,,17060,
330.El Chapo(2017–2018),7.8,,16943,
331.Girlboss(2017),7.0,,16885,
332.Mugen no jûnin(2017),6.8,77,16871,$0.15M
333.Boruto: Naruto Next Generations(2017– ),7.1,,16795,
334. Shingeki no kyojin (2013–2022)Episode:Scream(2017),9.8,,16763,
335.Churchill(2017),6.1,77,16681,$1.28M
336.Brigsby Bear(2017),7.3,77,16317,$0.53M
337. Stranger Things (2016– )Episode:Chapter One: MADMAX(2017),8.3,,16294,
338.Hangman(II) (2017),5.3,77,16260,
339.Hot Summer Nights(2017),6.4,77,16231,
340.Rememory(2017),6.2,77,16229,
341.Der Hauptmann(2017),7.4,77,16149,$0.11M
342.Columbus(I) (2017),7.3,77,16126,$1.02M
343.Sandy Wexler(2017),5.2,77,16093,
344.L'insulte(2017),7.7,77,16088,$1.00M
345. Stranger Things (2016– )Episode:Chapter Six: The Spy(2017),9.2,,16060,
346.John Wick Chapter 2: Wick-vizzed(2017 Video),7.8,,15984,
347.Newness(2017),6.3,77,15827,
348.HHhH(2017),6.4,,15755,
349.Black Clover(2017–2021),8.3,,15713,
350.Recep Ivedik 5(2017),3.3,,15635,
351.Gypsy(2017),6.8,,15526,
352.Radius(2017),6.3,,15500,
353.OtherLife(2017),6.3,,15351,
354.The Mick(2017–2018),7.8,,15334,
355.Electric Dreams(2017–2018),7.3,,15330,
356.How to Be a Latin Lover(2017),6.0,77,15327,$32.09M
"357. Stranger Things (2016– )Episode:Chapter Two: Trick or Treat, Freak(2017)",8.4,,15147,
358.Unforgettable(II) (2017),5.1,77,15052,$11.27M
359.El guardián invisible(2017),6.4,,15025,
360. Stranger Things (2016– )Episode:Chapter Five: Dig Dug(2017),8.9,,14984,
361.Kodachrome(2017),6.8,77,14933,
362.One Day at a Time(2017–2020),8.2,,14925,
363. Stranger Things (2016– )Episode:Chapter Three: The Pollywog(2017),8.6,,14849,
364.Cold Skin(2017),6.0,,14746,
365.Mary Shelley(2017),6.5,77,14740,$0.10M
366.120 battements par minute(2017),7.4,77,14691,$0.13M
367.Shaadi Mein Zaroor Aana(2017),7.6,,14630,
368.Happy End(2017),6.7,77,14628,$0.30M
369. Stranger Things (2016– )Episode:Chapter Four: Will the Wise(2017),8.7,,14626,
370.Snowfall(2017– ),8.2,,14481,
371. Better Call Saul (2015–2022)Episode:Chicanery(2017),9.7,,14436,
372.The Bookshop(2017),6.5,77,14434,$1.33M
373.Singularity(I) (2017),3.7,,14429,
374.Britannia(2017– ),6.8,,14368,
375.Absentia(2017–2020),7.3,,14299,
376.The Man Who Invented Christmas(2017),7.0,77,14298,$5.68M
377.The Layover(I) (2017),4.8,77,14274,
378.Teen Titans: The Judas Contract(2017 Video),7.0,,14086,
379.Overdrive(2017),5.4,,14068,
380.Aterrados(2017),6.5,,14030,
381.24 Hours to Live(2017),5.8,77,13976,
382.Workin' Moms(2017– ),7.7,,13953,
383.Sin-gwa ham-kke: Jwi-wa beol(2017),7.3,,13910,
384.Beach Rats(2017),6.4,77,13733,$0.47M
385.Amityville: The Awakening(2017),4.8,77,13723,$0.00M
386. The Walking Dead (2010–2022)Episode:The First Day of the Rest of Your Life(2017),7.7,,13667,
387.Aknyeo(2017),6.7,77,13581,$0.03M
388.Suburra - La serie(2017–2020),7.9,,13524,
389.Shimmer Lake(2017),6.3,,13518,
390.Meari to majo no hana(2017),6.8,77,13496,$2.42M
391.The Only Living Boy in New York(2017),6.4,77,13472,$0.62M
392.Las chicas del cable(2017–2020),7.6,,13450,
393.Çukur(2017–2021),7.4,,13429,
394.Tin Star(2017–2020),7.3,,13367,
395.Black Butterfly(II) (2017),6.2,77,13366,
"396.Midnight, Texas(2017–2018)",7.4,,13359,
397.Thank You for Your Service(I) (2017),6.6,77,13357,$9.47M
398.Please Stand By(2017),6.7,77,13309,$0.01M
399.Perfectos desconocidos(2017),6.9,,13306,
400.The Defiant Ones(2017),8.5,,13274,
401.Zashchitniki(2017),4.0,,13201,
402.Goon: Last of the Enforcers(2017),5.8,77,13174,
403. Dark (2017–2020)Episode:Secrets(2017),8.4,,13125,
404.Killing Gunther(2017),4.8,77,12991,
405.Chappaquiddick(2017),6.5,77,12987,$17.40M
406.The Ghazi Attack(2017),7.6,,12974,
407.La Mante(2017),7.4,,12971,
408.Strike(2017– ),7.9,,12934,
409.Theeran Adhigaaram Ondru(2017),8.3,,12925,
410.The Vault(I) (2017),4.9,77,12864,$0.01M
411.Our Souls at Night(2017),6.9,77,12857,
412.Mark Felt: The Man Who Brought Down the White House(2017),6.4,77,12835,$0.77M
413.Batman and Harley Quinn(2017),5.9,,12693,
414.Resident Evil: Vendetta(2017),6.3,,12599,
415.You Get Me(2017),4.7,,12516,
416.Gaga: Five Foot Two(2017),7.0,77,12477,
417.The Children Act(2017),6.7,77,12476,$0.51M
418.The Humanity Bureau(2017),4.6,,12319,
419.Imposters(2017–2018),7.8,,12296,
420.Olaf's Frozen Adventure(2017),5.6,,12283,
421.Lean on Pete(2017),7.2,77,12256,$1.16M
422.Prityazhenie(2017),5.6,,12255,
423.Beast(III) (2017),6.8,77,12232,$0.80M
424.Anna and the Apocalypse(2017),6.1,77,12070,$0.55M
425.Six(2017–2018),7.3,,12046,
426. The Walking Dead (2010–2022)Episode:Mercy(2017),6.9,,11995,
427.The Age of Spin: Dave Chappelle Live at the Hollywood Palladium(2017 TV Special),8.1,,11966,
428.Visages villages(2017),7.9,77,11838,$0.95M
429.What Did Jack Do?(2017),6.5,,11818,
430.Ittefaq(2017),7.3,,11741,
431.Toivon tuolla puolen(2017),7.2,77,11714,$0.18M
432.Vivegam(2017),5.5,,11701,
433.Dave Chappelle: Equanimity(2017 TV Special),8.2,,11676,
434.Escape Room(II) (2017),4.2,,11652,
435.Horizon Zero Dawn(2017 Video Game),9.1,,11618,
436. Dark (2017–2020)Episode:Lies(2017),8.3,,11611,
437.Day of the Dead: Bloodline(2017),3.4,,11604,
438. Rick and Morty (2013– )Episode:Rickmancing the Stone(2017),8.2,,11597,
439. Rick and Morty (2013– )Episode:Rest and Ricklaxation(2017),8.9,,11582,
440.Acts of Vengeance(2017),5.7,77,11581,
441.XX(2017),4.6,77,11576,$0.03M
442.Badrinath Ki Dulhania(2017),6.1,,11546,
443.L'amant double(2017),6.2,77,11529,$0.17M
444. Dark (2017–2020)Episode:Alpha and Omega(2017),9.3,,11451,
445. Rick and Morty (2013– )Episode:Vindicators 3: The Return of Worldender(2017),8.2,,11323,
446. Dark (2017–2020)Episode:Past and Present(2017),8.7,,11263,
447.Bushwick(2017),5.2,77,11237,
448.First Kill(2017),5.0,77,11232,
449. Dark (2017–2020)Episode:Truths(2017),9.0,,11229,
450.Voice from the Stone(2017),5.2,77,11191,
451. Rick and Morty (2013– )Episode:Morty's Mind Blowers(2017),8.9,,11132,
452.Deep in the Heart of Texas: Dave Chappelle Live at Austin City Limits(2017 TV Special),8.0,,11089,
453. Dark (2017–2020)Episode:Sic Mundus Creatus Est(2017),9.1,,11050,
454.Errementari(2017),6.4,,11001,
"455. Dark (2017–2020)Episode:As You Sow, so You Shall Reap(2017)",9.2,,10914,
456.Small Town Crime(2017),6.6,77,10844,
457.The White Princess(2017),7.6,,10803,
458.Salyut-7(2017),7.2,,10780,
459.Senke nad Balkanom(2017– ),8.8,,10774,
460.On Chesil Beach(2017),6.3,77,10759,$0.75M
461.Christmas Inheritance(2017),5.7,,10733,
462.The Place(2017),7.0,,10733,
463. Rick and Morty (2013– )Episode:The Whirly Dirly Conspiracy(2017),8.5,,10718,
464. Shingeki no kyojin (2013–2022)Episode:Da Tou Kyou(2017),9.7,,10698,
465. Dark (2017–2020)Episode:Double Lives(2017),8.4,,10662,
466.Tuntematon sotilas(2017),7.8,,10560,
467.Pappa pia(2017),4.2,,10553,
468.How to Talk to Girls at Parties(2017),5.7,77,10549,$0.08M
469.White Gold(2017–2019),7.4,,10522,
470.Wilson(I) (2017),5.8,77,10449,$0.65M
471.Sidney Hall(2017),6.9,77,10416,
472.Tour de Pharmacy(2017 TV Movie),7.1,,10392,
473.The Recall(2017),4.2,,10391,
474. Shingeki no kyojin (2013–2022)Episode:Totsugeki(2017),9.6,,10383,
475.La ragazza nella nebbia(2017),6.8,,10326,
476.Le sens de la fête(I) (2017),6.9,,10292,
477.Psych: The Movie(2017 TV Movie),7.5,,10290,
478.Taken(2017–2018),6.6,,10278,
479. Dark (2017–2020)Episode:Crossroads(2017),8.8,,10252,
480.Judwaa 2(2017),3.6,,10233,
481.Inside Edge(2017– ),8.0,,10119,
482.Fi(2017–2018),7.8,,10116,
483. Dark (2017–2020)Episode:Everything Is Now(2017),8.8,,10113,
484.Descendants 2(2017 TV Movie),6.5,,10102,
485.Wonderstruck(2017),6.2,77,10058,$1.03M
486.Mom(I) (2017),7.3,,10022,
487.The Polka King(2017),6.0,77,10011,
488.Gunpowder(2017),6.6,,9987,
489.Patti Cake$(2017),6.8,77,9976,$0.80M
490. Mr. Robot (2015–2019)Episode:eps3.4_runtime-err0r.r00(2017),9.7,,9957,
491.Bairavaa(2017),6.1,,9910,
492. The Walking Dead (2010–2022)Episode:How It's Gotta Be(2017),6.8,,9879,
493.Jagga Jasoos(2017),6.5,,9852,
494. The Walking Dead (2010–2022)Episode:The Damned(2017),6.7,,9847,
495.Spyder(2017),6.6,,9846,
496.Sweet Virginia(2017),6.2,77,9837,$0.01M
497.Zone Blanche(2017– ),7.5,,9787,
498.Louis C.K. 2017(2017 TV Special),7.6,,9773,
499. Shingeki no kyojin (2013–2022)Episode:Beast Titan(2017),9.4,,9769,
500.Gong fu yu jia(2017),5.2,77,9769,$0.36M
